edge,r2,x,f_kan,f_cubic
0,1.0,-0.6512,-0.56634,-0.56491
0,1.0,-0.6402,-0.56069,-0.55954
0,1.0,-0.6293,-0.55482,-0.55391
0,1.0,-0.6183,-0.54872,-0.54804
0,1.0,-0.6073,-0.54241,-0.54193
0,1.0,-0.5964,-0.53589,-0.53558
0,1.0,-0.5854,-0.52916,-0.52901
0,1.0,-0.5744,-0.52222,-0.52221
0,1.0,-0.5635,-0.51507,-0.51519
0,1.0,-0.5525,-0.50773,-0.50795
0,1.0,-0.5416,-0.50019,-0.5005
0,1.0,-0.5306,-0.49245,-0.49284
0,1.0,-0.5196,-0.48452,-0.48498
0,1.0,-0.5087,-0.47641,-0.47692
0,1.0,-0.4977,-0.46811,-0.46866
0,1.0,-0.4867,-0.45964,-0.46022
0,1.0,-0.4758,-0.45099,-0.45159
0,1.0,-0.4648,-0.44216,-0.44278
0,1.0,-0.4538,-0.43317,-0.43379
0,1.0,-0.4429,-0.42401,-0.42464
0,1.0,-0.4319,-0.41469,-0.41531
0,1.0,-0.4209,-0.40522,-0.40582
0,1.0,-0.41,-0.39559,-0.39617
0,1.0,-0.399,-0.38581,-0.38637
0,1.0,-0.388,-0.37589,-0.37642
0,1.0,-0.3771,-0.36582,-0.36633
0,1.0,-0.3661,-0.35562,-0.35609
0,1.0,-0.3551,-0.34529,-0.34572
0,1.0,-0.3442,-0.33483,-0.33521
0,1.0,-0.3332,-0.32424,-0.32458
0,1.0,-0.3222,-0.31353,-0.31383
0,1.0,-0.3113,-0.3027,-0.30296
0,1.0,-0.3003,-0.29176,-0.29197
0,1.0,-0.2893,-0.28071,-0.28088
0,1.0,-0.2784,-0.26956,-0.26968
0,1.0,-0.2674,-0.25831,-0.25838
0,1.0,-0.2564,-0.24696,-0.24698
0,1.0,-0.2455,-0.23552,-0.2355
0,1.0,-0.2345,-0.22399,-0.22392
0,1.0,-0.2235,-0.21238,-0.21227
0,1.0,-0.2126,-0.20069,-0.20053
0,1.0,-0.2016,-0.18892,-0.18873
0,1.0,-0.1906,-0.17709,-0.17685
0,1.0,-0.1797,-0.16519,-0.16491
0,1.0,-0.1687,-0.15322,-0.15291
0,1.0,-0.1577,-0.1412,-0.14085
0,1.0,-0.1468,-0.12912,-0.12875
0,1.0,-0.1358,-0.117,-0.11659
0,1.0,-0.1248,-0.10483,-0.1044
0,1.0,-0.1139,-0.09262,-0.09216
0,1.0,-0.1029,-0.08037,-0.0799
0,1.0,-0.0919,-0.06809,-0.0676
0,1.0,-0.081,-0.05578,-0.05528
0,1.0,-0.07,-0.04346,-0.04295
0,1.0,-0.0591,-0.03111,-0.03059
0,1.0,-0.0481,-0.01875,-0.01823
0,1.0,-0.0371,-0.00638,-0.00586
0,1.0,-0.0262,0.006,0.00652
0,1.0,-0.0152,0.01838,0.01889
0,1.0,-0.0042,0.03075,0.03125
0,1.0,0.0067,0.04311,0.0436
0,1.0,0.0177,0.05546,0.05593
0,1.0,0.0287,0.0678,0.06825
0,1.0,0.0396,0.08011,0.08054
0,1.0,0.0506,0.09239,0.0928
0,1.0,0.0616,0.10465,0.10502
0,1.0,0.0725,0.11686,0.11721
0,1.0,0.0835,0.12904,0.12935
0,1.0,0.0945,0.14117,0.14145
0,1.0,0.1054,0.15325,0.15349
0,1.0,0.1164,0.16528,0.16548
0,1.0,0.1274,0.17725,0.17741
0,1.0,0.1383,0.18915,0.18927
0,1.0,0.1493,0.20098,0.20106
0,1.0,0.1603,0.21274,0.21278
0,1.0,0.1712,0.22442,0.22442
0,1.0,0.1822,0.23602,0.23597
0,1.0,0.1932,0.24753,0.24744
0,1.0,0.2041,0.25895,0.25882
0,1.0,0.2151,0.27027,0.27009
0,1.0,0.2261,0.28149,0.28127
0,1.0,0.237,0.2926,0.29234
0,1.0,0.248,0.30359,0.3033
0,1.0,0.259,0.31447,0.31415
0,1.0,0.2699,0.32523,0.32488
0,1.0,0.2809,0.33587,0.33548
0,1.0,0.2919,0.34637,0.34596
0,1.0,0.3028,0.35673,0.3563
0,1.0,0.3138,0.36696,0.36651
0,1.0,0.3248,0.37703,0.37657
0,1.0,0.3357,0.38696,0.38649
0,1.0,0.3467,0.39674,0.39626
0,1.0,0.3577,0.40635,0.40587
0,1.0,0.3686,0.4158,0.41533
0,1.0,0.3796,0.42508,0.42462
0,1.0,0.3906,0.43419,0.43374
0,1.0,0.4015,0.44312,0.44269
0,1.0,0.4125,0.45187,0.45146
0,1.0,0.4235,0.46043,0.46005
0,1.0,0.4344,0.4688,0.46845
0,1.0,0.4454,0.47698,0.47666
0,1.0,0.4563,0.48495,0.48468
0,1.0,0.4673,0.49273,0.4925
0,1.0,0.4783,0.50029,0.50011
0,1.0,0.4892,0.50765,0.50752
0,1.0,0.5002,0.51479,0.51471
0,1.0,0.5112,0.5217,0.52168
0,1.0,0.5221,0.5284,0.52843
0,1.0,0.5331,0.53487,0.53496
0,1.0,0.5441,0.54111,0.54125
0,1.0,0.555,0.54712,0.54731
0,1.0,0.566,0.55289,0.55313
0,1.0,0.577,0.55842,0.55871
0,1.0,0.5879,0.56371,0.56403
0,1.0,0.5989,0.56875,0.5691
0,1.0,0.6099,0.57354,0.57392
0,1.0,0.6208,0.57809,0.57847
0,1.0,0.6318,0.58238,0.58275
0,1.0,0.6428,0.58641,0.58677
0,1.0,0.6537,0.59018,0.5905
1,0.998,-0.6512,-0.01836,-0.02072
1,0.998,-0.6402,-0.01735,-0.01915
1,0.998,-0.6293,-0.01637,-0.01766
1,0.998,-0.6183,-0.01541,-0.01626
1,0.998,-0.6073,-0.01449,-0.01495
1,0.998,-0.5964,-0.0136,-0.01372
1,0.998,-0.5854,-0.01274,-0.01258
1,0.998,-0.5744,-0.01192,-0.01151
1,0.998,-0.5635,-0.01114,-0.01052
1,0.998,-0.5525,-0.01039,-0.00961
1,0.998,-0.5416,-0.00969,-0.00878
1,0.998,-0.5306,-0.00903,-0.00802
1,0.998,-0.5196,-0.00841,-0.00733
1,0.998,-0.5087,-0.00784,-0.00672
1,0.998,-0.4977,-0.00731,-0.00617
1,0.998,-0.4867,-0.00683,-0.0057
1,0.998,-0.4758,-0.00639,-0.00529
1,0.998,-0.4648,-0.00601,-0.00494
1,0.998,-0.4538,-0.00567,-0.00466
1,0.998,-0.4429,-0.00537,-0.00444
1,0.998,-0.4319,-0.00513,-0.00428
1,0.998,-0.4209,-0.00494,-0.00418
1,0.998,-0.41,-0.0048,-0.00413
1,0.998,-0.399,-0.00471,-0.00415
1,0.998,-0.388,-0.00467,-0.00421
1,0.998,-0.3771,-0.00467,-0.00433
1,0.998,-0.3661,-0.00473,-0.0045
1,0.998,-0.3551,-0.00484,-0.00472
1,0.998,-0.3442,-0.005,-0.00499
1,0.998,-0.3332,-0.0052,-0.00531
1,0.998,-0.3222,-0.00546,-0.00567
1,0.998,-0.3113,-0.00576,-0.00607
1,0.998,-0.3003,-0.00611,-0.00651
1,0.998,-0.2893,-0.00651,-0.007
1,0.998,-0.2784,-0.00695,-0.00752
1,0.998,-0.2674,-0.00743,-0.00808
1,0.998,-0.2564,-0.00796,-0.00868
1,0.998,-0.2455,-0.00854,-0.00931
1,0.998,-0.2345,-0.00915,-0.00998
1,0.998,-0.2235,-0.0098,-0.01067
1,0.998,-0.2126,-0.01049,-0.0114
1,0.998,-0.2016,-0.01122,-0.01215
1,0.998,-0.1906,-0.01198,-0.01293
1,0.998,-0.1797,-0.01278,-0.01373
1,0.998,-0.1687,-0.01361,-0.01456
1,0.998,-0.1577,-0.01447,-0.01541
1,0.998,-0.1468,-0.01536,-0.01628
1,0.998,-0.1358,-0.01627,-0.01716
1,0.998,-0.1248,-0.01721,-0.01807
1,0.998,-0.1139,-0.01818,-0.01899
1,0.998,-0.1029,-0.01916,-0.01992
1,0.998,-0.0919,-0.02016,-0.02087
1,0.998,-0.081,-0.02118,-0.02183
1,0.998,-0.07,-0.02222,-0.02279
1,0.998,-0.0591,-0.02326,-0.02377
1,0.998,-0.0481,-0.02432,-0.02475
1,0.998,-0.0371,-0.02538,-0.02574
1,0.998,-0.0262,-0.02645,-0.02673
1,0.998,-0.0152,-0.02753,-0.02772
1,0.998,-0.0042,-0.0286,-0.02871
1,0.998,0.0067,-0.02968,-0.0297
1,0.998,0.0177,-0.03075,-0.03068
1,0.998,0.0287,-0.03182,-0.03167
1,0.998,0.0396,-0.03288,-0.03264
1,0.998,0.0506,-0.03393,-0.03361
1,0.998,0.0616,-0.03496,-0.03457
1,0.998,0.0725,-0.03599,-0.03552
1,0.998,0.0835,-0.03699,-0.03645
1,0.998,0.0945,-0.03798,-0.03738
1,0.998,0.1054,-0.03895,-0.03828
1,0.998,0.1164,-0.0399,-0.03917
1,0.998,0.1274,-0.04082,-0.04005
1,0.998,0.1383,-0.04171,-0.0409
1,0.998,0.1493,-0.04257,-0.04173
1,0.998,0.1603,-0.04341,-0.04254
1,0.998,0.1712,-0.04421,-0.04332
1,0.998,0.1822,-0.04498,-0.04407
1,0.998,0.1932,-0.04571,-0.0448
1,0.998,0.2041,-0.0464,-0.0455
1,0.998,0.2151,-0.04706,-0.04617
1,0.998,0.2261,-0.04767,-0.04681
1,0.998,0.237,-0.04824,-0.04741
1,0.998,0.248,-0.04876,-0.04797
1,0.998,0.259,-0.04925,-0.0485
1,0.998,0.2699,-0.04968,-0.049
1,0.998,0.2809,-0.05007,-0.04945
1,0.998,0.2919,-0.0504,-0.04986
1,0.998,0.3028,-0.05069,-0.05022
1,0.998,0.3138,-0.05093,-0.05054
1,0.998,0.3248,-0.05111,-0.05082
1,0.998,0.3357,-0.05124,-0.05105
1,0.998,0.3467,-0.05132,-0.05122
1,0.998,0.3577,-0.05135,-0.05135
1,0.998,0.3686,-0.05132,-0.05142
1,0.998,0.3796,-0.05123,-0.05144
1,0.998,0.3906,-0.0511,-0.05141
1,0.998,0.4015,-0.0509,-0.05132
1,0.998,0.4125,-0.05065,-0.05117
1,0.998,0.4235,-0.05034,-0.05095
1,0.998,0.4344,-0.04998,-0.05068
1,0.998,0.4454,-0.04956,-0.05035
1,0.998,0.4563,-0.04909,-0.04994
1,0.998,0.4673,-0.04856,-0.04948
1,0.998,0.4783,-0.04798,-0.04894
1,0.998,0.4892,-0.04734,-0.04834
1,0.998,0.5002,-0.04665,-0.04766
1,0.998,0.5112,-0.04591,-0.04691
1,0.998,0.5221,-0.04511,-0.04609
1,0.998,0.5331,-0.04427,-0.04519
1,0.998,0.5441,-0.04337,-0.04421
1,0.998,0.555,-0.04242,-0.04316
1,0.998,0.566,-0.04143,-0.04202
1,0.998,0.577,-0.04038,-0.04081
1,0.998,0.5879,-0.0393,-0.03951
1,0.998,0.5989,-0.03816,-0.03812
1,0.998,0.6099,-0.03698,-0.03665
1,0.998,0.6208,-0.03576,-0.03509
1,0.998,0.6318,-0.0345,-0.03344
1,0.998,0.6428,-0.0332,-0.0317
1,0.998,0.6537,-0.03187,-0.02987
2,0.9427,-0.6512,-0.02532,-0.02964
2,0.9427,-0.6402,-0.02536,-0.0289
2,0.9427,-0.6293,-0.02536,-0.02819
2,0.9427,-0.6183,-0.02534,-0.02751
2,0.9427,-0.6073,-0.0253,-0.02687
2,0.9427,-0.5964,-0.02523,-0.02626
2,0.9427,-0.5854,-0.02515,-0.02568
2,0.9427,-0.5744,-0.02504,-0.02513
2,0.9427,-0.5635,-0.02491,-0.02461
2,0.9427,-0.5525,-0.02477,-0.02412
2,0.9427,-0.5416,-0.02461,-0.02366
2,0.9427,-0.5306,-0.02443,-0.02322
2,0.9427,-0.5196,-0.02424,-0.02281
2,0.9427,-0.5087,-0.02405,-0.02243
2,0.9427,-0.4977,-0.02384,-0.02208
2,0.9427,-0.4867,-0.02362,-0.02175
2,0.9427,-0.4758,-0.0234,-0.02144
2,0.9427,-0.4648,-0.02317,-0.02116
2,0.9427,-0.4538,-0.02294,-0.0209
2,0.9427,-0.4429,-0.0227,-0.02067
2,0.9427,-0.4319,-0.02247,-0.02046
2,0.9427,-0.4209,-0.02223,-0.02027
2,0.9427,-0.41,-0.022,-0.02009
2,0.9427,-0.399,-0.02176,-0.01994
2,0.9427,-0.388,-0.02154,-0.01981
2,0.9427,-0.3771,-0.02131,-0.0197
2,0.9427,-0.3661,-0.0211,-0.01961
2,0.9427,-0.3551,-0.02089,-0.01953
2,0.9427,-0.3442,-0.02069,-0.01947
2,0.9427,-0.3332,-0.02049,-0.01943
2,0.9427,-0.3222,-0.02031,-0.0194
2,0.9427,-0.3113,-0.02014,-0.01939
2,0.9427,-0.3003,-0.01998,-0.01939
2,0.9427,-0.2893,-0.01984,-0.0194
2,0.9427,-0.2784,-0.0197,-0.01943
2,0.9427,-0.2674,-0.01958,-0.01947
2,0.9427,-0.2564,-0.01948,-0.01953
2,0.9427,-0.2455,-0.01939,-0.01959
2,0.9427,-0.2345,-0.01931,-0.01966
2,0.9427,-0.2235,-0.01925,-0.01975
2,0.9427,-0.2126,-0.0192,-0.01984
2,0.9427,-0.2016,-0.01917,-0.01994
2,0.9427,-0.1906,-0.01916,-0.02005
2,0.9427,-0.1797,-0.01916,-0.02017
2,0.9427,-0.1687,-0.01918,-0.02029
2,0.9427,-0.1577,-0.01921,-0.02042
2,0.9427,-0.1468,-0.01926,-0.02056
2,0.9427,-0.1358,-0.01932,-0.0207
2,0.9427,-0.1248,-0.0194,-0.02084
2,0.9427,-0.1139,-0.01949,-0.02099
2,0.9427,-0.1029,-0.0196,-0.02114
2,0.9427,-0.0919,-0.01972,-0.02129
2,0.9427,-0.081,-0.01985,-0.02144
2,0.9427,-0.07,-0.01999,-0.0216
2,0.9427,-0.0591,-0.02015,-0.02175
2,0.9427,-0.0481,-0.02031,-0.0219
2,0.9427,-0.0371,-0.02049,-0.02206
2,0.9427,-0.0262,-0.02067,-0.02221
2,0.9427,-0.0152,-0.02086,-0.02236
2,0.9427,-0.0042,-0.02106,-0.0225
2,0.9427,0.0067,-0.02126,-0.02264
2,0.9427,0.0177,-0.02146,-0.02278
2,0.9427,0.0287,-0.02167,-0.02291
2,0.9427,0.0396,-0.02188,-0.02304
2,0.9427,0.0506,-0.02209,-0.02316
2,0.9427,0.0616,-0.0223,-0.02328
2,0.9427,0.0725,-0.02251,-0.02338
2,0.9427,0.0835,-0.02272,-0.02348
2,0.9427,0.0945,-0.02291,-0.02357
2,0.9427,0.1054,-0.02311,-0.02365
2,0.9427,0.1164,-0.02329,-0.02372
2,0.9427,0.1274,-0.02347,-0.02378
2,0.9427,0.1383,-0.02364,-0.02383
2,0.9427,0.1493,-0.02379,-0.02386
2,0.9427,0.1603,-0.02393,-0.02389
2,0.9427,0.1712,-0.02406,-0.0239
2,0.9427,0.1822,-0.02417,-0.02389
2,0.9427,0.1932,-0.02426,-0.02387
2,0.9427,0.2041,-0.02434,-0.02384
2,0.9427,0.2151,-0.02439,-0.02379
2,0.9427,0.2261,-0.02442,-0.02372
2,0.9427,0.237,-0.02443,-0.02364
2,0.9427,0.248,-0.02441,-0.02354
2,0.9427,0.259,-0.02437,-0.02342
2,0.9427,0.2699,-0.0243,-0.02328
2,0.9427,0.2809,-0.02421,-0.02312
2,0.9427,0.2919,-0.02408,-0.02294
2,0.9427,0.3028,-0.02393,-0.02274
2,0.9427,0.3138,-0.02374,-0.02252
2,0.9427,0.3248,-0.02352,-0.02227
2,0.9427,0.3357,-0.02327,-0.02201
2,0.9427,0.3467,-0.02299,-0.02172
2,0.9427,0.3577,-0.02267,-0.0214
2,0.9427,0.3686,-0.02231,-0.02106
2,0.9427,0.3796,-0.02192,-0.0207
2,0.9427,0.3906,-0.02149,-0.0203
2,0.9427,0.4015,-0.02102,-0.01989
2,0.9427,0.4125,-0.02052,-0.01944
2,0.9427,0.4235,-0.01997,-0.01897
2,0.9427,0.4344,-0.01939,-0.01846
2,0.9427,0.4454,-0.01877,-0.01793
2,0.9427,0.4563,-0.01812,-0.01737
2,0.9427,0.4673,-0.01742,-0.01678
2,0.9427,0.4783,-0.01668,-0.01615
2,0.9427,0.4892,-0.01591,-0.0155
2,0.9427,0.5002,-0.0151,-0.01481
2,0.9427,0.5112,-0.01425,-0.01408
2,0.9427,0.5221,-0.01336,-0.01333
2,0.9427,0.5331,-0.01243,-0.01254
2,0.9427,0.5441,-0.01147,-0.01171
2,0.9427,0.555,-0.01047,-0.01085
2,0.9427,0.566,-0.00944,-0.00995
2,0.9427,0.577,-0.00837,-0.00902
2,0.9427,0.5879,-0.00727,-0.00804
2,0.9427,0.5989,-0.00614,-0.00703
2,0.9427,0.6099,-0.00497,-0.00598
2,0.9427,0.6208,-0.00378,-0.00489
2,0.9427,0.6318,-0.00255,-0.00376
2,0.9427,0.6428,-0.0013,-0.00259
2,0.9427,0.6537,-3e-05,-0.00138
